,Concejo,Parroquia,Tipo,Altitud,Población,Hombres,Mujeres,Viviendas,Latitud,Longitud,Nombre
0,Cangas de Onís,Abamia,Aldea,90m,17,6,11,9,43.3464846,-5.0627293,ABAMIA
1,Peñamellera Baja,Abándames,Lugar,84m,97,51,46,64,43.3255658,-4.6025915,ABANDAMES
2,Ponga,Abiegos,Lugar,518m,34,20,14,36,43.1944371,-5.1860893,ABIEGOS
3,Llanera,Ables,Lugar,170m,93,49,44,32,43.4285291,-5.8555631,ABLES
4,San Tirso de Abres,"San Tirso de Abres, San Salvador",Lugar,100m,54,27,27,25,43.439486,-7.0947509,ABRES
5,Candamo,Aces,Lugar,150m,70,33,37,56,43.4415627,-6.0701384,ACES
6,Cangas del Narcea,Adralés,Aldea,630m,64,30,34,21,43.1670284,-6.5697134,ADRALES
7,Belmonte de Miranda,Agüera,Casería,360m,4,2,2,3,27.1752554,78.0098161,AGUERA
8,Cangas del Narcea,Agüera del Coto,Aldea,750m,34,20,14,12,43.1174635,-6.6371912384894545,AGUERA DEL COTO
9,Oviedo,Agüeria,Lugar,175m,632,301,331,390,43.1600493,-5.7368112,AGUERIA
10,Somiedo,Aguino,Lugar,870m,10,7,3,8,42.528616,-9.023682752387913,AGUINO
11,Salas,Alava,Lugar,200m,26,13,13,24,42.844072249999996,-2.6820829322126283,ALAVA
12,Carreño,Albandi,Casería,33m,6,4,2,4,43.5661662,-5.7369812,ALBANDI
13,Teverga,Alesga,Lugar,740m,44,24,20,37,43.1356414,-6.072086356083469,ALESGA
14,Peñamellera Baja,Alevia,Lugar,351m,58,25,33,37,43.3346427,-4.5966272,ALEVIA
15,Valdés,Alienes,Aldea,500m,31,16,15,15,43.4412039,-6.3739372,ALIENES
16,Peñamellera Alta,Alles,Lugar,263m,187,100,87,147,43.3345449,-4.7070278,ALLES
17,Belmonte de Miranda,Almurfe,Casería,400m,5,2,3,6,43.1889317,-6.2792409,ALMURFE
18,Villaviciosa,Amandi,Casería,30m,7,3,4,2,42.4538609,-7.7054054,AMANDI
19,Carreño,Ambás,Lugar,140m,60,33,27,26,43.3177954,-6.1308,AMBAS
20,Carreño,Ambás,Lugar,140m,60,33,27,26,43.3177954,-6.1308,AMBAS
21,Cangas del Narcea,Ambres,Aldea,870m,19,15,4,4,43.7323682,1.8138056,AMBRES
22,Amieva,Amieva,Casería,625m,0,0,0,0,43.2450993,-5.0730662,AMIEVA
23,Piloña,Anayo,Aldea,460m,47,27,20,36,16.1950791,121.0727906,ANAYO
24,Navia,Andés,Lugar,60m,47,24,23,13,-32.6529485,-70.0118233,ANDES
25,Llanes,Andrín,Lugar,70m,159,77,82,194,43.3934044,-0.8988698,ANDRIN
26,Siero,Anes,Casería,310m,37,20,17,21,46.1870947,-0.9078872,ANES
27,Navia,Anleo,Aldea,130m,318,145,173,113,43.5086139,-6.6931831,ANLEO
28,Siero,Aramil,Lugar,50m,1,0,1,1,56.6954649,60.8504536,ARAMIL
29,"Franco, El",Arancedo,Casería,270m,69,36,33,24,43.5042501,-6.8270691,ARANCEDO
30,Pravia,Arango,Casería,80m,26,14,12,16,-38.9804437,-67.84567700430426,ARANGO
31,Villayón,Arbón,Lugar,122m,147,66,81,66,43.0007,0.747026,ARBON
32,Valdés,Arcallana,Lugar,290m,26,14,12,21,43.520582149999996,-6.309096519191916,ARCALLANA
33,Llanes,Ardisana,Lugar,195m,176,86,90,69,43.3863296,-4.9429422,ARDISANA
34,Morcín,Argame,Lugar,138m,185,89,96,120,43.3011599,-5.8843075,ARGAME
35,Tineo,Arganza,Aldea,310m,19,10,9,23,42.6411087,-6.6854111,ARGANZA
36,Amieva,Argolibio,Lugar,340m,42,25,17,25,43.2508626,-5.1204166,ARGOLIBIO
37,Siero,Argüelles,Lugar,216m,62,43,19,20,40.4307266,-3.7161715,ARGUELLES
38,Villaviciosa,Argüero,Aldea,171m,50,25,25,38,38.3085269,24.1468988,ARGUERO
39,Llanera,Arlós,Lugar,200m,2,2,0,2,42.8913078,0.7008607,ARLOS
40,Villaviciosa,Arnín,Aldea,80m,5,2,3,15,43.4502195,-5.3368006,ARNIN
41,Villaviciosa,Arroes,Barrio,143m,135,68,67,115,43.2344222,-1.0724022,ARROES
42,Quirós,Arrojo,Casería,0m,0,0,0,1,43.3746804,-7.0583342,ARROJO
43,Piloña,Artedosa,Lugar,230m,10,3,7,22,43.2003425,-5.1504334,ARTEDOSA
44,Avilés,Avilés,Villa,8m,78776,37708,41068,34244,43.5554436,-5.9222466,AVILES
45,Oviedo,Latores,Lugar,270m,113,55,58,60,43.3430779,-5.8946589,AYONES
46,Gijón,Baldornón,Lugar,230m,67,29,38,25,43.4565783,-5.5995891,BALDORNON
47,Cudillero,Ballota,Lugar,118m,131,63,68,152,43.3756192,-6.1919797,BALLOTA
48,Belmonte de Miranda,Belmonte,Villa,200m,404,191,213,256,43.1725888,-7.3958443,BALMONTE
49,Proaza,Bandujo,Aldea,660m,41,22,19,44,43.2209104,-6.0720242,BANDUJO
50,Gozón,Bañugues,Lugar,85m,311,152,159,127,43.636572,-5.8181564,BAÑUGUES
51,Tineo,Bárcena del Monasterio,Aldea,460m,6,2,4,5,43.3647084,-6.5170462,BARCENA DEL MONASTERIO
52,Santa Eulalia de Oscos,Santa Eulalia de Oscos,Aldea,710m,17,8,9,8,42.6290052,-8.1917339,BARCIA
53,Siero,Barreda,Lugar,213m,226,104,122,91,43.386580249999994,-5.7508888774457585,BARREDA (SAMIGUEL)
54,Carreño,Prendes,Casería,0m,0,0,0,,44.8275103,2.0956563,BARRES
55,Carreño,Candás,Barrio,0m,24,16,8,6,-17.0568696,-64.9912286,BARRIO
56,Llanes,Barro,Lugar,20m,110,56,54,188,-17.0568696,-64.9912286,BARRO
57,Langreo,Barros,Ciudad,211m,39901,18928,20973,18736,41.7175485,-8.3979586,BARROS
58,Grado,Santianes,Lugar,380m,15,7,8,31,45.7339859,9.5672642,BARZANA
59,Grado,Báscones,Lugar,240m,26,12,14,35,43.3603998,-5.9998227,BASCONES
60,Castrillón,Bayas,Lugar,85m,674,355,319,183,45.0610453,-0.2077002,BAYAS
61,Grado,Bayo,Aldea,265m,25,11,14,21,-46.7004616,-69.1970155,BAYO
62,Villaviciosa,Bedriñana,Lugar,50m,8,3,5,2,43.4827689,-5.4330588,BEDRIÑANA
63,Belmonte de Miranda,Begega,Aldea,640m,30,18,12,25,43.2898374,-6.3021353,BEGEGA
64,Belmonte de Miranda,Leiguarda,Aldea,310m,20,10,10,14,40.9217017,-1.4987972,BELLO
65,Belmonte de Miranda,Agüera,Casería,360m,4,2,2,3,39.5592831,-2.7038117,BELMONTE
66,Oviedo,Bendones,Aldea,310m,20,10,10,14,43.3363576,-5.806497,BENDONES
67,Onís,Benia de Onís,Lugar,220m,229,107,122,120,43.3350208,-4.9681463,BENIA DE ONIS
68,Ribadesella,Berbes,Lugar,80m,95,50,45,130,43.4735392,-5.1523143,BERBES
69,Grado,Berció,Lugar,185m,28,13,15,9,43.2588171,11.0510771,BERCIO
70,Piloña,Cereceda,Casería,190m,12,6,6,3,43.2331048,-6.7672319,BERDUCEDO
71,Cangas del Narcea,Bergame,Aldea,680m,0,0,0,0,45.756655699999996,9.754219200862249,BERGAME
72,Cangas del Narcea,Berguño,Aldea,680m,25,12,13,8,-39.8525495,-73.2332781,BERGUÑO
73,Quirós,Bermiego,Lugar,750m,85,39,46,78,43.2002367,-5.9778171,BERMIEGO
74,Gijón,Bernueces,Aldea,50m,727,348,379,264,43.5148044,-5.6425649,BERNUECES
75,Cabrales,Berodia,Lugar,400m,64,35,29,48,43.310511,-4.8813217,BERODIA
76,Cangas del Narcea,Besullo,Lugar,540m,100,52,48,45,43.1869987,-6.6331338,BESULLO
77,Cangas del Narcea,Besullo,Lugar,540m,100,52,48,45,43.1869987,-6.6331338,BESULLO
78,"Regueras, Las",Biedes,Aldea,240m,72,37,35,41,43.4267229,-5.9333963,BIEDES
79,Cangas del Narcea,Bimeda,Aldea,690m,10,6,4,4,43.0933208,-6.5299487,BIMEDA
80,San Martín del Rey Aurelio,Blimea,Casería,550m,0,0,0,3,43.2745191,-5.5904148,BLIMEA
81,Boal,Boal,Lugar,410m,170,85,85,120,43.41024025,-6.835153873473709,BOAL
82,Siero,Bobes,Lugar,211m,133,75,58,56,43.7403951,3.0397051,BOBES
83,Gijón,Lavandera,Aldea,300m,41,23,18,22,6.0742032,-5.835562,BOBIA
84,Gozón,Bocines,Lugar,50m,60,36,24,35,40.6554865,-4.1429689,BOCINES
85,Parres,Bode,Aldea,60m,59,32,27,67,67.2839476,14.3825834,BODE
86,Salas,Bodenaya,Aldea,660m,19,10,9,6,43.3999818,-6.3228373,BODENAYA
87,Llanera,Bonielles,Aldea,280m,61,32,29,20,43.4534585,-5.9062712,BONIELLES
88,Aller,Boo,Lugar,460m,486,252,234,261,59.3205986,18.2613337,BOO
89,Piloña,Borines,Casería,350m,6,4,2,4,43.3921397,-5.3187433,BORINES
90,Tineo,Borres,Aldea,668m,17,7,10,15,42.4918575,-6.7266298,BORRES
91,Oviedo,Box,Casería,370m,0,0,0,1,-37.8192774,145.1221311,BOX
92,Tineo,Brañalonga,Casería,635m,14,4,10,10,42.7914901,-8.4421221,BRAÑALONGA
93,Oviedo,Brañes,Lugar,200m,27,13,14,23,59.4783417,11.6853083,BRAÑES
94,Villaviciosa,Breceña,Casería,300m,11,6,5,4,43.4477419,-5.3880656,BRECEÑA
95,Taramundi,Bres,Lugar,340m,47,26,21,25,41.1539502,0.9774422,BRES
96,Lena,"Puentes, Las",Lugar,800m,14,6,8,12,49.4598673,2.3269895,BUELLES
97,Caso,Bueres,Aldea,680m,77,44,33,45,48.6940375,6.5759342,BUERES
98,Cabrales,Bulnes,Aldea,426m,20,13,7,11,-36.7422507,-72.2987216,BULNES
99,Allande,Bustantigo,Aldea,650m,2,1,1,4,43.3578745,-6.6904992,BUSTANTIGO
100,Cudillero,Piñera,Casería,320m,15,7,8,11,43.2473499,-5.7681545,BUSTIELLO
101,Aller,Cabañaquinta,Casería,540m,0,0,0,3,43.1617502,-5.623413,CABAÑAQUINTA
102,Lena,Cabezón,Lugar,820m,3,2,1,4,42.5973348,-6.9138406,CABEZON
103,Aller,Caborana,Lugar,350m,12,5,7,11,43.1749087,-5.7525888,CABORANA
104,Grado,Cabruñana,Lugar,357m,34,19,15,37,43.3982537,-6.122142,CABRUÑANA
105,Gijón,Cabueñes,Lugar,40m,254,125,129,130,43.5219209,-5.6065041,CABUEÑES
106,Oviedo,Caces,Lugar,130m,237,99,138,125,43.3319972,-5.933685,CACES
107,Valdés,Cadavedo,Lugar,90m,126,60,66,81,43.36624,-7.3737374,CADAVEDO
108,Gijón,Caldones,Lugar,120m,129,68,61,43,43.4837968,-5.626582,CALDONES
109,Llanes,Caldueño,Casería,200m,20,9,11,8,43.4238841,-4.764342999999999,CALDUEÑO
110,Caso,Caleao,Aldea,717m,173,103,70,143,43.1553089,-5.4125124,CALEAO
111,Tineo,Calleras,Aldea,230m,73,42,31,34,43.4198982,-6.4729539,CALLERAS
112,Villaviciosa,Camoca,Casería,70m,9,4,5,5,41.1759365,-0.9343648,CAMOCA
113,Caso,Campo de Caso,Villa,577m,181,85,96,116,43.1824824,-5.3443749,CAMPO DE CASO
114,Lena,Campomanes,Lugar,390m,674,329,345,472,38.8214351,-6.9250403,CAMPOMANES
115,Tapia de Casariego,Campos Y Salave,Casería,31m,10,5,5,7,43.5583793,-6.897718,CAMPOS Y SALAVE
116,Salas,Camuño,Casería,220m,2,1,1,1,43.423414,-6.2308399,CAMUÑO
117,Corvera de Asturias,Cancienes,Casería,210m,5,3,2,2,43.5104657,-5.8686626,CANCIENES
118,San Martín del Rey Aurelio,Cocañín,Lugar,510m,21,10,11,14,43.3227033,-5.6033525,CANDANAL
119,Carreño,Candás,Villa,40m,6652,3256,3396,3580,50.1068897,2.2587844,CANDAS
120,Valdés,Canero,Casería,119m,13,6,7,6,14.741429799999999,121.03237554373672,CANERO
121,Cangas de Onís,Abamia,Aldea,90m,17,6,11,9,43.31452925,-5.0656317434407505,CANGAS DE ONIS
122,Cangas del Narcea,Agüera del Coto,Aldea,750m,34,20,14,12,43.1774374,-6.5499784,CANGAS DEL NARCEA
123,Lena,Carabanzo,Lugar,490m,219,112,107,110,43.1854312,-5.7860441,CARABANZO
124,Proaza,Caranga,Aldea,250m,46,24,22,33,-15.263571,-73.9530246,CARANGA
125,Santo Adriano,Tuñón,Aldea,460m,14,9,5,10,43.224876550000005,-5.191358648242298,CARANGAS
126,Peñamellera Alta,Cáraves,Lugar,340m,22,12,10,13,43.3159397,-4.7281783,CARAVES
127,Caravia,Caravia La Alta,Casería,0m,13,10,3,13,40.6030589,-3.9382289,CARAVIA LA ALTA
128,Caravia,Caravia La Baja,Lugar,57m,149,75,74,64,32.5761688,-115.4647009,CARAVIA LA BAJA
129,Grandas de Salime,Grandas de Salime,Lugar,600m,0,0,0,1,43.2134123,-8.6891286,CARBALLO
130,Pravia,Villavaler,Aldea,470m,5,3,2,6,43.5171435,-6.2069969,CARCEDA
131,Gijón,Santurio,Aldea,98m,72,31,41,29,43.5411974,-6.0358786,CARCEDO
132,Villaviciosa,Carda,Casería,190m,3,2,1,4,43.6419762,11.7391018,CARDA
133,Gozón,Cardo,Aldea,55m,150,78,72,68,30.2623012,-110.6987443,CARDO
134,Villaviciosa,Careñes,Lugar,120m,10,5,5,13,43.5445745,-5.500623,CAREÑES
135,Colunga,Carrandi,Lugar,203m,121,63,58,153,43.4623939,-5.2688033,CARRANDI
136,Llanes,Carranzo,Lugar,120m,71,39,32,37,37.2734396,-6.834179,CARRANZO
137,Teverga,Carrea,Lugar,698m,24,15,9,39,43.1454449,-6.0704278,CARREA
138,Cabrales,Carreña,Lugar,200m,334,171,163,171,43.316009,-4.846857,CARREÑA
139,Carreño,Carrió,Aldea,60m,38,17,21,49,43.2116066,-3.6540794,CARRIO
140,Carreño,Carrió,Aldea,60m,38,17,21,49,43.2116066,-3.6540794,CARRIO
141,Coaña,Cartavio,Lugar,100m,226,107,119,105,43.5447149,-6.786506,CARTAVIO
142,Gijón,Porceyo,Lugar,110m,206,102,104,117,36.4433477,-5.2728863,CASARES
143,Oviedo,Pereda,Casería,300m,23,8,15,8,43.287059,-5.672119,CASIELLES
144,Aller,Casomera,Lugar,640m,165,89,76,117,43.0811699,-5.5772615,CASOMERA
145,Lena,Casorvida,Lugar,550m,30,13,17,47,43.0994747,-5.7910537,CASORVIDA
146,Santo Adriano,Castañedo del Monte,Casería,410m,2,1,1,1,43.0473327,-6.9930123,CASTAÑEDO
147,Santo Adriano,Castañedo del Monte,Casería,410m,2,1,1,1,43.0473327,-6.9930123,CASTAÑEDO
148,Santo Adriano,Castañedo del Monte,Casería,410m,2,1,1,1,43.0473327,-6.9930123,CASTAÑEDO
149,Santo Adriano,Castañedo del Monte,Casería,410m,2,1,1,1,43.2905741,-6.0005164,CASTAÑEDO DEL MONTE
150,Quirós,Arrojo,Casería,0m,0,0,0,1,43.1601544,-5.6686571,CASTAÑEO
151,Cabranes,Torazo,Lugar,360m,21,9,12,36,19.2402728,-70.02826810419197,CASTIELLO
152,Cabranes,Torazo,Lugar,360m,21,9,12,36,19.2402728,-70.02826810419197,CASTIELLO
153,Cabranes,Torazo,Lugar,360m,21,9,12,36,19.2402728,-70.02826810419197,CASTIELLO
154,Boal,Castrillón,Lugar,210m,55,29,26,36,43.545824350000004,-5.992429483375905,CASTRILLON
155,Castropol,Balmonte,Aldea,560m,4,2,2,3,43.5276581,-7.0300508,CASTROPOL
156,Parres,Cayarga,Casería,0m,3,2,1,1,43.3619416,-5.8445626,CAYARGA
157,Llanera,Cayés,Aldea,200m,41,18,23,17,-0.2545091,-78.5608151,CAYES
158,Villaviciosa,Cazanes,Aldea,70m,30,19,11,11,43.4759736,-5.4564934,CAZANES
159,Ponga,Cazo,Lugar,370m,25,14,11,40,43.3990199,2.9266553,CAZO
160,Nava,Ceceda,Lugar,250m,222,106,116,167,43.3591423,-5.4458144,CECEDA
161,Ibias,Cecos,Casería,340m,9,6,3,6,43.0229786,-6.8535813,CECOS
162,Villaviciosa,Celada,Casería,430m,3,2,1,1,18.2789962,-65.978635,CELADA
163,Noreña,Celles,Lugar,270m,14,7,7,8,45.2975677,0.4135916,CELLES
164,Noreña,Celles,Lugar,270m,14,7,7,8,45.2975677,0.4135916,CELLES
165,Allande,Celón,Aldea,530m,18,9,9,8,46.5192283,1.5004262,CELON
166,Cangas de Onís,Abamia,Aldea,90m,17,6,11,9,37.6893773,-5.0953765,CELORIO
167,Gijón,Cenero,Lugar,140m,157,77,80,36,39.3530334,-76.4087937,CENERO
168,Piloña,Cereceda,Casería,190m,12,6,6,3,40.3543364,-5.5610378,CERECEDA
169,Salas,Cermoño,Aldea,440m,5,3,2,7,43.3758183,-6.2106705,CERMOÑO
170,Degaña,Cerredo,Lugar,1250m,0,0,0,0,43.3802549,-7.0732566,CERREDO
171,Degaña,Cerredo,Lugar,1250m,0,0,0,0,43.3802549,-7.0732566,CERREDO
172,Tineo,Cezures,Aldea,710m,9,7,2,9,43.39926015,-6.3746387676550835,CEZURES
173,Cangas del Narcea,Cibea,Casería,620m,8,4,4,3,43.0685681,-6.4502417,CIBEA
174,Cangas del Narcea,Cibuyo,Aldea,500m,21,11,10,8,43.1240408,-6.5797156,CIBUYO
175,Quirós,Cienfuegos,Lugar,840m,22,13,9,84,22.1457501,-80.4526242,CIENFUEGOS
176,Somiedo,Clavillas,Lugar,730m,13,7,6,13,42.2409394,-6.9033636,CLAVILLAS
177,Grado,Coalla,Casería,250m,13,8,5,6,13.407188,-0.136292,COALLA
178,Coaña,Cartavio,Lugar,100m,226,107,119,105,43.512625799999995,-6.761010561610359,COAÑA
179,Caso,Coballes,Aldea,550m,90,53,37,67,43.1903356,-5.3851726,COBALLES
180,Parres,Cofiño,Aldea,391m,55,28,27,63,43.4127873,-5.2277406,COFIÑO
181,Lena,Villallana,Casería,360m,0,0,0,0,43.3266319,-5.240286,COLLADA
182,Grado,Rodiles,Casería,220m,0,0,0,0,40.0573294,-5.7209445,COLLADO
183,Ribadesella,Collera,Lugar,79m,158,79,79,125,43.4488987,-5.0427531,COLLERA
184,Ribadedeva,Colombres,Lugar,40m,215,96,119,127,43.3749259,-4.5409351,COLOMBRES
185,Lena,Columbiello,Lugar,380m,73,36,37,36,43.1419245,-5.8187139,COLUMBIELLO
186,Colunga,Colunga,Villa,21m,1132,554,578,901,43.4851194,-5.2706728,COLUNGA
187,Cangas de Onís,Con,Lugar,190m,111,61,50,70,-23.6350111,-46.641295,CON
188,Laviana,Condado,Lugar,440m,2,1,1,12,-0.1032661,-78.5045937,CONDADO
189,Langreo,Lada,Aldea,500m,7,4,3,2,43.3030478,-5.7302841,CONFORCOS
190,Lena,Congostinas,Lugar,675m,20,10,10,24,43.0960913,-5.7672075,CONGOSTINAS
191,Pravia,Cordovero,Lugar,180m,24,11,13,30,43.4715729,-6.2151372,CORDOVERO
192,Somiedo,Corés,Lugar,850m,30,17,13,26,43.27739665,-8.851960758918032,CORES
193,Belmonte de Miranda,Belmonte,Aldea,200m,45,24,21,16,43.4513456,-6.1363882,CORIAS
194,Belmonte de Miranda,Belmonte,Aldea,200m,45,24,21,16,43.4513456,-6.1363882,CORIAS
195,Lena,Campomanes,Lugar,400m,14,7,7,18,42.2602812,1.5385735,CORNELLANA
196,Grado,"Grado, Santa María de",Casería,120m,3,1,2,5,43.2863081,-5.6837939,CORROS
197,Villaviciosa,Coru,Casería,280m,0,0,0,1,43.4550156,-5.4065123,CORU
198,Oviedo,Box,Casería,420m,0,0,0,1,43.416296,-7.1382982,COTO
199,Cangas de Onís,Covadonga,Lugar,257m,62,28,34,67,22.2694427,-80.8682197,COVADONGA
200,Piloña,Coya,Casería,370m,8,4,4,4,-13.3863918,-71.8985883,COYA
201,Bimenes,Suares,Casería,540m,13,8,5,7,42.3176289,-3.2482146,CRUCES
202,Parres,Cuadroveña,Villa,40m,2575,1255,1320,1230,43.3833387,-5.203756,CUADROVEÑA (LES ARRIONDES)
203,Cudillero,Ballota,Lugar,118m,131,63,68,152,43.54335745,-6.1936313237885,CUDILLERO
204,Llanes,Cue,Lugar,57m,282,133,149,187,23.0131338,-80.8328748,CUE
205,Nava,Cuenya,Aldea,280m,141,71,70,91,-14.2704377,-74.8593508,CUENYA
206,Cangas del Narcea,Cueras,Casería,550m,13,8,5,6,37.5296063,-1.4382435,CUERAS
207,Aller,Cuérigo,Lugar,520m,55,24,31,72,43.1204045,-5.5686562,CUERIGO
208,Candamo,Cuero,Lugar,180m,160,80,80,71,29.0938036,-97.2900564,CUERO
209,Belmonte de Miranda,Cuevas,Aldea,520m,36,17,19,36,36.9124139,-2.2859961,CUEVAS
210,Peñamellera Baja,Cuñaba,Aldea,300m,12,7,5,9,43.2894371,-4.6358688,CUÑABA
211,Degaña,Cerredo,Lugar,1250m,0,0,0,0,42.940686,-6.5712491,DEGAÑA
212,Gijón,Deva,Casería,0m,20,10,10,9,45.8555113,22.91768615763211,DEVA
213,Boal,Doiras,Aldea,660m,6,2,4,4,43.3935427,-6.8279332,DOIRAS
214,Tineo,"Baradal, El",Aldea,650m,16,10,6,12,43.3242809,-6.3625272,EL BARADAL
215,Cangas de Onís,Zardón,Aldea,400m,0,0,0,0,42.5490885,-2.2420409,EL BUSTO
216,Oviedo,Box,Casería,420m,0,0,0,1,18.0565231,-66.7292611,EL COTO
217,Carreño,Perlora,Casería,40m,46,20,26,19,42.9523178,-4.5297267,EL CUTO
218,Cabranes,Fresnedo,Aldea,350m,16,8,8,18,36.7295295,-119.70886126075588,EL FRESNO
219,Carreño,Logrezana,Casería,120m,13,8,5,5,40.7795239,-1.5708608,EL PEDREGAL
220,Corvera de Asturias,Molleda,Aldea,140m,95,60,35,29,41.5767473,-6.1212504,EL PINO
221,Caso,Tarna,Lugar,1490m,7,3,4,16,8.1926164,-81.78162140699564,EL PUERTO
222,Nava,"Remedio, El",Casería,290m,29,15,14,9,-4.116861,-43.39766,EL REMEDIO
223,Tineo,"Rodical, El",Casería,350m,0,0,0,2,43.3118449,-6.4152916,EL RODICAL
224,Bimenes,San Julián,Casería,0m,12,6,6,5,36.9248213,-3.5856242877423936,EL VALLE
225,Bimenes,San Julián,Casería,0m,12,6,6,5,36.9248213,-3.5856242877423936,EL VALLE
226,Somiedo,Éndriga,Lugar,1000m,43,24,19,20,43.0927038,-6.1569462,ENDRIGA
227,Laviana,Entralgo,Lugar,600m,1,1,0,0,43.1632032,-6.8651766,ENTRALGO
228,Cangas del Narcea,Entreviñas,Casería,0m,14,7,7,3,42.1646758,-8.0284842,ENTREVIÑAS
229,Cangas del Narcea,Entreviñas,Casería,0m,14,7,7,3,42.1646758,-8.0284842,ENTREVIÑAS
230,Pravia,Escoredo,Casería,360m,5,2,3,4,43.5039293,-6.142357,ESCOREDO
231,Piloña,Espinaredo,Casería,280m,0,0,0,0,43.4795314,-7.9351869,ESPINAREDO
232,Belmonte de Miranda,Belmonte,Aldea,690m,11,6,5,6,46.1922976,11.1618628,FAEDO
233,Colunga,Libardón,Lugar,402m,28,15,13,38,43.8424173,13.0146632,FANO
234,Tineo,Fastias,Aldea,630m,58,31,27,31,43.404794,-6.4474622,FASTIAS
235,Oviedo,Nora,Aldea,210m,19,10,9,12,43.3609975,-5.9532701,FELECHES
236,Lena,Felgueras,Casería,320m,0,0,0,0,43.1257384,-5.7967108,FELGUERAS
237,Candamo,Fenolleda,Aldea,140m,17,10,7,10,42.1999853,2.4943186,FENOLLEDA
238,Candamo,Llamero,Aldea,290m,64,27,37,23,43.3366718,-5.3815526,FERREROS
239,Llanera,Ferroñes,Lugar,0m,113,54,59,41,43.4765011,-5.8671397,FERROÑES
240,Candamo,Murias,Aldea,140m,26,11,15,12,43.4187,-6.0534125,FIGAREDO
241,Castropol,Figueras,Villa,20m,597,280,317,410,42.2666314,2.9638434,FIGUERAS
242,Parres,Fíos,Casería,210m,4,2,2,5,43.4000512,-5.2339037,FIOS
243,Coaña,Folgueras,Casería,355m,8,2,6,12,43.4658053,-6.1999476,FOLGUERAS
244,Coaña,Folgueras,Casería,355m,8,2,6,12,43.4658053,-6.1999476,FOLGUERAS
245,Pesoz,Pesoz,Aldea,380m,13,5,8,11,42.7766082,-7.553045,FRANCOS
246,Belmonte de Miranda,Belmonte,Aldea,390m,23,10,13,11,42.9933418,-3.5351576,FRESNEDO
247,Cabranes,Fresnedo,Aldea,350m,16,8,8,18,36.7295295,-119.70886126075588,FRESNO
248,Boal,Castrillón,Aldea,530m,17,8,9,9,39.9502989,-2.0206507,FUENTES
249,Cangas del Narcea,Fuentes de Corbero,Casería,840m,9,6,3,2,43.0983411,-6.456676,FUENTES DE CORBERO
250,"Regueras, Las",Valsera,Lugar,130m,80,39,41,41,41.0745293,-3.7858799,GALLEGOS
251,Cangas del Narcea,Gedrez,Aldea,1020m,37,21,16,15,43.0141209,-6.6060562,GEDREZ
252,Tineo,Genestaza,Aldea,840m,9,6,3,8,43.2091746,-6.3546272,GENESTAZA
253,Cangas del Narcea,Genestoso,Lugar,1180m,54,28,26,17,43.06506,-6.3965071,GENESTOSO
254,Grandas de Salime,Peñafuente,Lugar,700m,8,4,4,3,42.5478476,-7.0370773,GESTOSO
255,Gijón,Baldornón,Lugar,230m,67,29,38,25,43.5450394,-5.6626443,GIJON
256,Cangas del Narcea,Gillón,Casería,0m,4,2,2,1,43.0251186,-6.5512821,GILLON
257,Illano,Gío,Aldea,240m,25,12,13,31,0.5916247,121.0677657,GIO
258,Colunga,Gobiendes,Lugar,70m,49,23,26,69,43.4693828,-5.2381254,GOBIENDES
259,Salas,Godán,Aldea,241m,15,7,8,8,42.993881,0.5666488,GODAN
260,Oviedo,Godos,Lugar,140m,95,47,48,62,42.5814511,-8.7081687,GODOS
261,Grado,Báscones,Lugar,240m,26,12,14,35,42.1514362,0.226466,GRADO
262,Cabranes,Gramedo,Lugar,410m,24,12,12,26,42.1071502,-6.3610891,GRAMEDO
263,Cangas de Onís,Margolles,Aldea,25m,35,18,17,22,43.6497395,-5.8566972,GRANDA
264,Cangas de Onís,Margolles,Aldea,25m,35,18,17,22,43.6497395,-5.8566972,GRANDA
265,Grandas de Salime,Grandas de Salime,Casería,640m,2,2,0,2,43.2176587,-6.8757234,GRANDAS DE SALIME
266,Villaviciosa,Grases,Casería,40m,9,3,6,6,43.4673727,-5.4772528,GRASES
267,Candamo,Grullos,Lugar,120m,178,80,98,76,43.4342813,-6.0615193,GRULLOS
268,Somiedo,Gúa,Lugar,960m,75,40,35,39,20.9876996,-101,GUA
269,Vegadeo,Guiar,Aldea,222m,27,14,13,12,43.4212558,-7.0696993,GUIAR
270,Carreño,Guimarán,Aldea,70m,43,20,23,16,43.3061285,-8.5613434,GUIMARAN
271,Grado,Gurullés,Lugar,0m,7,4,3,3,43.3638306,-6.0395085,GURULLES
272,Gozón,Heres,Aldea,30m,50,29,21,16,43.5535071,-0.0001942,HERES
273,Illano,Herías,Aldea,310m,2,0,2,7,43.4400841,-6.6726398,HERIAS
274,Illano,Herías,Aldea,310m,2,0,2,7,43.4400841,-6.6726398,HERIAS
275,Siero,Hevia,Lugar,0m,0,0,0,0,43.3646266,-5.7177713,HEVIA
276,Llanes,Hontoria,Lugar,30m,67,36,31,40,43.4464679,-4.9120668,HONTORIA
277,Gijón,Huerces,Aldea,132m,78,35,43,23,41.9957574,-5.9435328,HUERCES
278,Salas,Idarga,Aldea,560m,27,15,12,9,43.3651183,-6.3250644,IDARGA
279,Illano,Bullaso,Casería,530m,8,4,4,2,43.3333974,-6.8642416,ILLANO
280,Illano,Bullaso,Casería,530m,8,4,4,2,43.3333974,-6.8642416,ILLANO
281,Illas,Illas,Barrio,160m,16,8,8,7,43.49633385,-5.967482401852551,ILLAS
282,Pravia,Inclán,Aldea,250m,15,8,7,16,-34.629304,-58.400961,INCLAN
283,Cangas del Narcea,Jarceley,Casería,320m,14,6,8,5,43.2547633,-6.4609591,JARCELEY
284,Lena,Jomezana,Lugar,600m,46,19,27,23,43.061947,-5.8426083,JOMEZANA
285,Ribadesella,Junco,Aldea,40m,83,40,43,47,5.9170262000000005,-75.90003397010196,JUNCO
286,Carreño,Logrezana,Casería,25m,6,2,4,2,41.4551144,-2.6215182,LA BARCA
287,Grado,Grado,Casería,95m,14,6,8,6,43.3914245,-6.0797631,LA BORBOLLA
288,Carreño,Perlora,Lugar,60m,18,9,9,8,44.8304495,-0.1872229,LA BRAÑA
289,"Franco, El","Caridad, La",Villa,63m,1347,679,668,576,13.8275315,-87.692492,LA CARIDAD
290,Morcín,Argame,Casería,400m,2,2,0,1,43.4732878,-0.278978,LA CARRERA
291,Lena,Villallana,Casería,360m,0,0,0,0,43.3266319,-5.240286,LA COLLADA
292,Lena,Castiello,Casería,350m,3,1,2,1,43.5237568,-6.0472331,LA CORRADA
293,Castrillón,Bayas,Lugar,102m,106,56,50,51,43.5350044,-5.945742,LA CRUZ DE ILLAS
294,Grado,"Mata, La",Casería,160m,2,1,1,2,43.2647914,-3.3880441,LA ESPINA
295,Noreña,Celles,Lugar,260m,33,20,13,19,43.3085595,-5.6919228,LA FELGUERA
296,Caso,Felguerina,Aldea,800m,103,60,43,64,43.1517921,-5.3740872,LA FELGUERINA
297,Teverga,"Focella, La",Lugar,1070m,15,8,7,9,43.099767,-6.0588172,LA FOCELLA
298,Caso,Sobrecastiello,Aldea,672m,65,34,31,46,43.5688659,-7.2550407,LA FOZ
299,Colunga,"Isla, La",Lugar,3m,188,97,91,390,18.12289035,-95.58427533680396,LA ISLA
300,Corvera de Asturias,Villa,Casería,180m,9,4,5,5,28.4857715,-16.3159422,LA LAGUNA
301,Bimenes,San Emeterio,Casería,350m,31,13,18,16,38.4469112,-6.0567079,LA LLERA
302,Bimenes,San Emeterio,Casería,350m,31,13,18,16,38.4469112,-6.0567079,LA LLERA
303,Cudillero,San Martín de Luiña,Casería,140m,23,13,10,21,11.2408815,-74.2048154,LA MAGDALENA
304,Piloña,"Marea, La",Lugar,500m,4,3,1,10,14.364477,121.03396033071706,LA MAREA
305,Carreño,Candás,Casería,70m,3,1,2,1,39.9428781,-4.4381101,LA MATA
306,Grandas de Salime,"Mesa, La",Lugar,960m,4,1,3,1,33.4151117,-111.8314792,LA MESA
307,Illano,Illano,Aldea,600m,44,25,19,26,47.3752671,-109.638757,LA MONTAÑA
308,Siero,"Paranza, La",Casería,450m,6,3,3,8,43.3430929,-5.7417286,LA PARANZA
309,Carreño,Perlora,Casería,20m,29,10,19,13,41.39539955,2.161762102712899,LA PEDRERA
310,Bimenes,San Emeterio,Casería,520m,2,1,1,4,43.1461034,1.7500239,LA PEÑA
311,Illas,"Peral, La",Aldea,380m,19,9,10,13,39.4989794,-1.8982021,LA PERAL
312,Grado,Pereda,Lugar,110m,14,11,3,5,42.4603313,-7.9592271,LA PEREDA
313,Cabranes,Fresnedo,Lugar,320m,48,27,21,41,-32.3296412,-57.0487468,LA PIÑERA
314,Teverga,"Plaza, La",Lugar,430m,173,87,86,103,52.215933,19.134422,LA PLAZA
315,Candamo,Ventosa,Aldea,250m,11,7,4,4,43.3888316,-5.4138061,LA REBOLLADA
316,Cangas de Onís,"Riera, La",Lugar,150m,51,24,27,44,41.3505631,2.0747338,LA RIERA
317,Cangas de Onís,"Riera, La",Lugar,150m,51,24,27,44,41.3505631,2.0747338,LA RIERA
318,Cangas de Onís,"Riera, La",Lugar,150m,51,24,27,44,41.3505631,2.0747338,LA RIERA
319,Onís,"Robellada, La",Lugar,380m,24,13,11,15,43.486677,-5.7400314,LA ROBELLADA
320,Castropol,Moldes,Aldea,55m,18,12,6,4,39.20702,-2.1581637,LA RODA
321,Boal,"Ronda, La",Aldea,540m,5,2,3,8,36.7421339,-5.1665916,LA RONDA
322,Carreño,Tamón,Casería,48m,3,2,1,1,18.1032381,-94.0409540427047,LA VENTA
323,Cangas de Onís,Labra,Lugar,200m,94,43,51,42,18.6850108,84.0992404,LABRA
324,Tineo,Collada,Lugar,500m,45,26,19,20,47.3570892,18.9080821,LADA
325,Oviedo,Villapérez,Aldea,340m,21,10,11,8,43.3982179,-5.8863335,LADINES
326,Parres,San Juan de Parres,Aldea,360m,61,28,33,32,43.2083246,-0.2252442,LAGO
327,Salas,Laneo,Lugar,75m,125,63,62,62,43.3697255,-6.1518128,LANEO
328,Langreo,Barros,Ciudad,211m,39901,18928,20973,18736,43.2955423,-5.6839733,LANGREO
329,Cangas del Narcea,Larna,Lugar,720m,61,29,32,23,43.0750262,-6.6197355,LARNA
330,Cangas del Narcea,Larón,Lugar,850m,11,6,5,15,47.7605397,-1.6255057,LARON
331,Quirós,"Agüeras, Las",Lugar,415m,39,17,22,48,43.1969066,-6.0030044,LAS AGUERAS
332,Cabrales,"Arenas, Las",Villa,150m,789,387,402,354,28.4006219,-16.5470399,LAS ARENAS
333,Belmonte de Miranda,"Estacas, Las",CASAS,800m,2,2,0,2,27.6892767,-105.6232383,LAS ESTACAS
334,Cangas del Narcea,"Montañas, Las",Aldea,750m,22,12,10,5,25.6601745,-100.43927212744607,LAS MONTAÑAS
335,Somiedo,"Morteras, Las",Lugar,940m,33,18,15,13,43.1529672,-6.2353757,LAS MORTERAS
336,Lena,"Puentes, Las",Lugar,800m,14,6,8,12,19.0506104,-101.6570609,LAS PUENTES
337,Corvera de Asturias,"Vegas, Las",Lugar,40m,7667,3764,3903,3082,36.1672559,-115.148516,LAS VEGAS
338,Grado,"Villas, Las",Lugar,610m,9,5,4,18,40.0554305,0.0798292,LAS VILLAS
339,Castrillón,Laspra,Lugar,42m,46,21,25,33,42.6924009,-6.1678789,LASPRA
340,Colunga,Lastres,Lugar,151m,206,98,108,164,43.5140728,-5.2715325,LASTRES
341,Oviedo,Latores,Lugar,270m,113,55,58,60,43.3354865,-5.8778552,LATORES
342,Gijón,Lavandera,Aldea,140m,67,29,38,6,43.4678623,-5.6408092,LAVANDERA
343,Santo Adriano,Lavares,Lugar,400m,40,24,16,35,43.4555482,-5.4444574,LAVARES
344,Gozón,Laviana,Poblado,10m,95,50,45,151,43.23204335,-5.547717886512423,LAVIANA
345,Gozón,Laviana,Poblado,10m,95,50,45,151,43.23204335,-5.547717886512423,LAVIANA
346,Salas,Lavio,Aldea,385m,8,4,4,12,44.4935333,4.0456273,LAVIO
347,Boal,Lebredo,Aldea,510m,18,11,7,9,43.4833571,-6.8142274,LEBREDO
348,Boal,Lebredo,Aldea,510m,18,11,7,9,43.4833571,-6.8142274,LEBREDO
349,Boal,Lebredo,Aldea,510m,18,11,7,9,43.4833571,-6.8142274,LEBREDO
350,Ribadesella,Leces,Lugar,80m,44,24,20,52,-7.8477836,113.2290946,LECES
351,Belmonte de Miranda,Leiguarda,Aldea,570m,34,19,15,16,43.3303216,-6.2255743,LEIGUARDA
352,Cangas del Narcea,Leitariegos,Aldea,1250m,4,2,2,2,42.9988273,-6.4185429,LEITARIEGOS
353,Gijón,Leorio,Lugar,90m,163,76,87,86,43.4966216,-5.678422244359787,LEORIO
354,Colunga,Libardón,Lugar,402m,28,15,13,38,46.197746,0.0048483,LIBARDON
355,Siero,Lieres,Lugar,390m,18,5,13,8,50.5544531,2.4170378,LIERES
356,Oviedo,Lillo,Casería,540m,0,0,0,0,50.6365654,3.0635282,LILLO
357,Oviedo,Limanes,Casería,300m,5,4,1,2,43.3634106,-5.78055153084272,LIMANES
358,Oviedo,Limanes,Casería,300m,5,4,1,2,43.3634106,-5.78055153084272,LIMANES
359,Cangas del Narcea,Limés,Casería,470m,5,3,2,1,49.0798728,10.9920847,LIMES
360,Gijón,Lavandera,Aldea,110m,103,49,54,34,38.0928249,-3.6343581,LINARES
361,Gijón,Lavandera,Aldea,110m,103,49,54,34,38.0928249,-3.6343581,LINARES
362,Gijón,Lavandera,Aldea,110m,103,49,54,34,38.0928249,-3.6343581,LINARES
363,Gijón,Lavandera,Aldea,110m,103,49,54,34,38.0928249,-3.6343581,LINARES
364,Gijón,Lavandera,Aldea,110m,103,49,54,34,38.0928249,-3.6343581,LINARES
365,Cangas del Narcea,Linares del Acebo,Aldea,920m,10,4,6,3,42.5009165,-6.4549978,LINARES DEL ACEBO
366,Quirós,Lindes,Casería,900m,10,5,5,7,57.3355556,26.2088889,LINDES
367,Grado,Santianes,Lugar,550m,48,22,26,30,43.3021106,-6.1361662,LLAMAS
368,Candamo,Llamero,Lugar,310m,105,53,52,55,41.5780762,-5.9113254,LLAMERO
369,Belmonte de Miranda,Llamoso,Aldea,450m,31,18,13,24,43.2246069,-6.2204245,LLAMOSO
370,Laviana,Pola de Laviana,Casería,440m,4,2,2,1,43.4211205,-4.7530835,LLANES
371,Lena,Llanos,Lugar,890m,44,22,22,299,43.04181925,-5.789484953688662,LLANOS DE SOMERON
372,Quirós,Llanuces,Casería,0m,2,1,1,1,43.1552437,-5.9241086,LLANUCES
373,Parres,Llerandi,Lugar,420m,52,23,29,36,43.3172866,-5.2141375,LLERANDI
374,Peñamellera Alta,Llonín,Lugar,204m,83,43,40,63,43.3349845,-4.6511114,LLONIN
375,Villaviciosa,Llugás,Casería,90m,14,6,8,5,43.4531356,-5.4287243,LLUGAS
376,Piloña,Lodeña,Casería,250m,3,1,2,5,43.4848938,5.4157179,LODEÑA
377,Carreño,Logrezana,Casería,70m,10,5,5,3,43.5567792,-5.817577900000001,LOGREZANA
378,Allande,Lomes,Lugar,420m,19,9,10,13,45.1280889,4.7730771,LOMES
379,Grado,Coalla,Lugar,440m,36,19,17,17,38.6117568,-7.9238677,LOREDO
380,Oviedo,Loriana,Casería,190m,5,1,4,3,39.1121573,-6.6889874,LORIANA
381,Laviana,Lorío,Lugar,400m,86,39,47,51,40.7352686,13.852219067692307,LORIO
382,Llanes,"Callejos, Los",Lugar,120m,77,28,49,65,39.6776558,-6.5287955,LOS CALLEJOS
383,Corvera de Asturias,"Campos, Los",Casería,80m,5,2,3,4,22.0278762,-101.8448309,LOS CAMPOS
384,Llanes,"Carriles, Los",Lugar,210m,100,46,54,56,43.413978,-4.9296244,LOS CARRILES
385,Piloña,"Montes, Los",Casería,0m,0,0,0,0,-35.2485194,-71.2732569,LOS MONTES
386,Gozón,Luanco,Barrio,51m,41,18,23,6,43.6135047,-5.7938812,LUANCO
387,Valdés,Luarca,Lugar,102m,778,368,410,187,43.5439443,-6.5358435,LUARCA
388,Colunga,Lue,Aldea,180m,36,17,19,35,49.8158683,6.1296751,LUE
389,Llanera,Lugo,Lugar,220m,54,24,30,26,43.0462247,-7.4739921,LUGO
390,Siero,Lugones,Lugar,170m,15,6,9,8,43.4027677,-5.810479,LUGONES
391,Cangas del Narcea,Maganes,Casería,470m,16,9,7,3,42.5161065,-5.3805375,MAGANES
392,Llanes,Malatería,Lugar,180m,46,25,21,27,43.3534792,-5.8454653,MALATERIA
393,Salas,Mallecina,Casería,540m,2,1,1,7,43.4486049,-6.2560516,MALLECINA
394,Salas,Malleza,Casería,160m,5,2,3,8,43.4693631,-6.2308132,MALLEZA
395,Oviedo,Manjoya,Aldea,255m,36,17,19,24,41.946671,-6.4819989,MANJOYA
396,Carreño,Guimarán,Lugar,28m,17,10,7,6,42.3098629,-7.2350007,MANZANEDA
397,Carreño,Guimarán,Lugar,28m,17,10,7,6,42.3098629,-7.2350007,MANZANEDA
398,Siero,Marcenado,Casería,270m,19,9,10,12,40.4514533,-3.6746217,MARCENADO
399,Ibias,Marentes,Lugar,700m,40,19,21,52,43.0857174,-6.9170996,MARENTES
400,Cangas de Onís,Margolles,Aldea,25m,35,18,17,22,43.4096658,-5.1079478,MARGOLLES
401,Cangas de Onís,Margolles,Aldea,25m,35,18,17,22,43.4096658,-5.1079478,MARGOLLES
402,Villanueva de Oscos,Martul,Casería,600m,6,4,2,8,43.0884479,-7.6395256,MARTUL
403,Piloña,Maza,Casería,0m,5,2,3,5,49.60083,5.0921632,MAZA
404,Llanes,Meré,Lugar,120m,145,74,71,99,47.89882,3.82173,MERE
405,Vegadeo,Meredo,Aldea,222m,133,78,55,84,45.6462997,9.172406,MEREDO
406,Tineo,Merillés,Aldea,350m,20,9,11,8,43.2771497,-6.3562403,MERILLES
407,Peñamellera Baja,Merodio,Lugar,220m,107,57,50,51,43.3189944,-4.5402531,MERODIO
408,Amieva,Mián,Barrio,175m,0,0,0,0,56.3789225,14.8496176,MIAN
409,Cangas del Narcea,Mieldes,Lugar,880m,92,46,46,27,43.2171427,-6.4000903,MIELDES
410,Peñamellera Alta,Mier,Lugar,64m,92,47,45,58,26.416775,-99.2592357886966,MIER
411,Siero,Limanes,Aldea,310m,166,74,92,78,43.234995749999996,-5.769931957999365,MIERES
412,Salas,Millara,Lugar,520m,20,12,8,16,43.3323369,-6.2684157,MILLARA
413,Tineo,Miño,Aldea,670m,10,7,3,4,43.3580564,-8.1811287,MIÑO
414,Belmonte de Miranda,Agüera,Casería,360m,4,2,2,3,10.25,-66.416667,MIRANDA
415,Belmonte de Miranda,Agüera,Casería,360m,4,2,2,3,10.25,-66.416667,MIRANDA
416,Villaviciosa,Miravalles,Casería,160m,0,0,0,1,43.1803743,-2.9016079,MIRAVALLES
417,"Franco, El",Miudes,Aldea,70m,47,21,26,28,43.5284945,-6.8118681,MIUDES
418,Piloña,Miyares,Casería,0m,1,1,0,4,43.3032821,-5.1323905,MIYARES
419,Coaña,Mohías,Lugar,15m,1,0,1,1,43.5499108,-6.5492996,MOHIAS
420,Castropol,Moldes,Aldea,43m,12,5,7,6,42.88628945,-8.029916499901496,MOLDES
421,Corvera de Asturias,Molleda,Casería,0m,16,8,8,7,43.3665,-4.51842,MOLLEDA
422,Cangas del Narcea,Monasterio de Hermo,Lugar,1025m,41,19,22,24,42.9783668,-6.5380805,MONASTERIO DE HERMO
423,Belmonte de Miranda,Montovo,Aldea,700m,30,14,16,29,43.2041898,-6.2224977,MONTOVO
424,Villaviciosa,Tornón,Casería,0m,14,6,8,7,43.79968,0.29597,MOREDA
425,Ribadesella,Moro,Lugar,105m,23,11,12,22,45.484036,-120.731168,MORO
426,Candamo,Murias,Aldea,100m,36,18,18,24,41.5970249,-7.1092174,MURIAS
427,Candamo,Murias,Aldea,100m,36,18,18,24,41.5970249,-7.1092174,MURIAS
428,Quirós,Muriellos,Lugar,1000m,16,14,2,48,43.3052049,-6.7371632,MURIELLOS
429,Muros de Nalón,Muros de Nalón,Barrio,95m,252,119,133,142,43.5429817,-6.1046323,MUROS DE NALON
430,Oviedo,Naranco,Casería,320m,21,11,10,13,43.3786201,-5.8669217,NARANCO
431,Tineo,Naraval,Aldea,490m,5,3,2,12,43.4246368,-6.5329765,NARAVAL
432,Peñamellera Baja,Narganes,Lugar,50m,67,38,29,37,43.3367335,-4.5539293,NARGANES
433,Sariego,Narzana,Aldea,290m,51,26,25,29,35.719776,45.9723302,NARZANA
434,Nava,Ceceda,Lugar,250m,222,106,116,167,43.3582216,-5.5056766,NAVA
435,Avilés,Navarro,Casería,49m,100,57,43,33,32.0279525,-96.4985456,NAVARRO
436,Castrillón,Naveces,Lugar,0m,0,0,0,0,43.5664245,-6.0096191,NAVECES
437,Tineo,Navelgas,Poblado,300m,7,4,3,2,43.4038851,-6.5428625,NAVELGAS
438,Carreño,Guimarán,Casería,89m,14,6,8,6,50.2046848,3.3192766,NAVES
439,Carreño,Guimarán,Casería,89m,14,6,8,6,50.2046848,3.3192766,NAVES
440,Navia,Andés,Lugar,60m,47,24,23,13,43.5391112,-6.7233704,NAVIA
441,Cangas del Narcea,Naviego,Aldea,0m,20,12,8,5,43.066821,-6.5428841,NAVIEGO
442,Grandas de Salime,Negueira,Aldea,820m,1,0,1,2,43.1336619,-6.901838,NEGUEIRA
443,Aller,Nembra,Casería,650m,5,4,1,2,43.1494029,-5.7086938,NEMBRA
444,Gozón,Nembro,Aldea,40m,162,79,83,84,45.7439737,9.7592752,NEMBRO
445,Parres,Nevares,Lugar,160m,117,61,56,115,43.3870291,-5.2243891,NEVARES
446,Tineo,Nieres,Casería,370m,3,1,2,3,47.1149889,23.9809169,NIERES
447,Oviedo,San Claudio,Casería,165m,1,1,0,1,43.3707852,-5.9240644,NIEVARES
448,Quirós,Nimbra,Casería,0m,1,1,0,0,43.1327999,-5.9701597,NIMBRA
449,Cangas del Narcea,Noceda de Rengos,Casería,710m,20,11,9,8,43.0495712,-6.5844429,NOCEDA DE RENGOS
450,Oviedo,Nora,Lugar,100m,69,39,30,33,59.533333,15.016667,NORA
451,Noreña,Celles,Lugar,270m,14,7,7,8,43.3940202,-5.7067183,NOREÑA
452,Ribadedeva,Noriega,Lugar,117m,92,46,46,70,43.3640818,-4.5740222,NORIEGA
453,Cudillero,Novellana,Lugar,120m,91,45,46,46,43.5633016,-6.2825463,NOVELLANA
454,Lena,Pola de Lena,Casería,400m,0,0,0,1,-46.6385427,-67.3688181,NUEVA
455,Cangas del Narcea,Oballo,Casería,755m,7,3,4,4,43.0574186,-6.645076,OBALLO
456,Cangas del Narcea,Obanca,Aldea,560m,20,12,8,8,43.189230800000004,-6.546158228819856,OBANCA
457,Tineo,Obona,Aldea,680m,47,28,19,21,43.342203,-6.480167,OBONA
458,Peñamellera Alta,Oceño,Lugar,500m,52,29,23,22,43.2973255,-4.7365409,OCEÑO
459,Villaviciosa,Oles,Aldea,150m,80,41,39,50,43.5360166,-5.4249439,OLES
460,Oviedo,Olloniego,Casería,175m,16,7,9,6,43.2988348,-5.8244619,OLLONIEGO
461,Villayón,Oneta,Lugar,550m,44,20,24,14,45.871487,9.819354,ONETA
462,Villaviciosa,Tornón,Aldea,18m,28,15,13,20,49.8252815,112.7566081,ONON
463,Caso,Orlé,Lugar,700m,141,80,61,110,45.6886617,16.2318994,ORLE
464,Ibias,"Coutos, Os",Aldea,680m,10,6,4,7,42.4922768,-8.7646337,OS COUTOS
465,Santa Eulalia de Oscos,Santa Eulalia de Oscos,Aldea,710m,17,8,9,8,43.3113558,-6.986268,OSCOS
466,Valdés,Otur,Aldea,160m,23,13,10,7,19.2633563,73.9805419,OTUR
467,Boal,Rozadas,Aldea,470m,11,5,6,11,43.4035716,-7.0596486,OURIA
468,Oviedo,Agüeria,Lugar,175m,632,301,331,390,43.3605977,-5.8448989,OVIEDO
469,Belmonte de Miranda,San Martín de Lodón,Aldea,180m,33,20,13,21,43.5767179,-6.2360804,OVIÑANA
470,Belmonte de Miranda,San Martín de Lodón,Aldea,180m,33,20,13,21,43.5767179,-6.2360804,OVIÑANA
471,Lena,Pajares,Zona turíst.,1400m,8,5,3,8,40.3167812,-2.1942138,PAJARES
472,Ribera de Arriba,Palomar,Lugar,260m,27,10,17,13,38.8543122,-0.5030984,PALOMAR
473,Cabranes,Pandenes,Lugar,400m,53,26,27,52,43.4091172,-5.4691072,PANDENES
474,Belmonte de Miranda,Leiguarda,Aldea,470m,14,6,8,8,-11.183333,-67.183333,PANDO
475,Grado,Pereda,Casería,240m,2,1,1,2,43.323424,-4.583991,PANES
476,Allande,Parajas,Aldea,460m,29,17,12,11,40.4117324,-3.6957551,PARAJAS
477,Vegadeo,Paramios,Aldea,299m,8,5,3,6,43.3886753,-7.0166177,PARAMIOS
478,Teverga,Páramo,Lugar,820m,83,40,43,48,42.84463,-7.4989815,PARAMO
479,Lena,Parana,Aldea,950m,0,0,0,2,-24.4842187,-51.8148872,PARANA
480,Siero,Lugones,Lugar,180m,93,46,47,37,40.0659163,-2.8544122,PAREDES
481,Villayón,Parlero,Casería,375m,5,1,4,4,43.4015015,-6.6715389,PARLERO
482,Llanes,Parres,Lugar,98m,49,30,19,86,43.3588207,-5.184655747613598,PARRES
483,Quirós,Pedroveya,Lugar,550m,16,11,5,17,43.2683331,-5.9677782,PEDROVEYA
484,Aller,Pelúgano,Casería,480m,15,10,5,15,43.1517574,-5.5835315,PELUGANO
485,Parres,Pendás,Lugar,180m,53,25,28,59,43.39689,-5.1879573,PENDAS
486,Llanes,Pendueles,Lugar,50m,92,43,49,48,43.3963356,-4.6366767,PENDUELES
487,Candamo,Cuero,Aldea,200m,24,13,11,9,37.7084447,-5.3457347,PEÑAFLOR
488,Morcín,Peñerudes,Aldea,420m,9,2,7,3,43.2897089,-5.9346759,PEÑERUDES
489,Grado,Pereda,Lugar,110m,14,11,3,5,42.4603313,-7.9592271,PEREDA
490,Grado,Pereda,Lugar,110m,14,11,3,5,42.4603313,-7.9592271,PEREDA
491,Grado,Pereda,Lugar,110m,14,11,3,5,42.4603313,-7.9592271,PEREDA
492,Carreño,Perlora,Casería,50m,31,15,16,13,43.5809215,-5.7540685,PERLORA
493,Colunga,Pernús,Lugar,38m,23,14,9,32,43.479071,-5.324433,PERNUS
494,Carreño,Pervera,Casería,80m,34,17,17,16,43.5445656,-5.7817834,PERVERA
495,San Martín de Oscos,Pesoz,Aldea,679m,15,11,4,7,43.257,-6.8755,PESOZ
496,San Martín de Oscos,Pesoz,Aldea,679m,15,11,4,7,43.257,-6.8755,PESOZ
497,Vegadeo,Piantón,Casería,138m,33,17,16,18,43.4609221,-7.0288771,PIANTON
498,Carreño,Piedeloro,Casería,110m,4,3,1,1,43.5645627,-5.8158497,PIEDELORO
499,Oviedo,Piedramuelle,Lugar,270m,142,75,67,49,43.3510661,-5.9033582,PIEDRAMUELLE
500,Somiedo,Pigüeces,Lugar,575m,20,10,10,24,43.1491704,-6.3137312,PIGUECES
501,Castrillón,Pillarno,Lugar,150m,14,7,7,5,43.5256023,-5.9800721,PILLARNO
502,Oviedo,Pintoria,Casería,300m,5,3,2,3,43.3364325,-5.9610978,PINTORIA
503,Piloña,Pintueles,Aldea,340m,16,8,8,12,43.3758782,-5.3543529,PINTUELES
504,Cabranes,Fresnedo,Lugar,320m,48,27,21,41,-32.3296412,-57.0487468,PIÑERA
505,Cabranes,Fresnedo,Lugar,320m,48,27,21,41,-32.3296412,-57.0487468,PIÑERA
506,Cabranes,Fresnedo,Lugar,320m,48,27,21,41,-32.3296412,-57.0487468,PIÑERA
507,Cabranes,Fresnedo,Lugar,320m,48,27,21,41,-32.3296412,-57.0487468,PIÑERA
508,Cabranes,Fresnedo,Lugar,320m,48,27,21,41,-32.3296412,-57.0487468,PIÑERA
509,Carreño,Candás,Casería,80m,92,51,41,15,43.442193,-4.9547273,PIÑERES
510,Villaviciosa,Pión,Barrio,260m,87,38,49,40,-6.1782783,-78.4821171,PION
511,Colunga,Pivierda,Lugar,70m,79,41,38,105,43.4518437,-5.3345012,PIVIERDA
512,Gijón,Poago,Aldea,30m,6,4,2,0,43.5395366,-5.7390805,POAGO
513,Gozón,Podes,Aldea,60m,134,62,72,70,48.7427803,14.2866308,PODES
514,Allande,Pola de Allande,Lugar,675m,61,26,35,21,43.271901,-6.6097123,POLA DE ALLANDE
515,Laviana,Pola de Laviana,Casería,440m,4,2,2,1,43.2465052,-5.5630565,POLA DE LAVIANA
516,Lena,Pola de Lena,Aldea,850m,15,10,5,7,43.1615692,-5.8281354,POLA DE LENA
517,Siero,Pola de Siero,Villa,207m,11794,5581,6213,4904,43.3914146,-5.6608367,POLA DE SIERO
518,Somiedo,Pola de Somiedo,Lugar,820m,17,10,7,12,43.0931497,-6.2572508,POLA DE SOMIEDO
519,Navia,Polavieja,Lugar,105m,5,2,3,4,43.5384323,-6.6582082,POLAVIEJA
520,Llanera,Cayés,Lugar,0m,14,6,8,6,41.214732,14.6963272,PONTE
521,Villayón,Ponticiella,Casería,575m,4,2,2,3,43.1394379,-6.5263915,PONTICIELLA
522,Cabrales,Poo,Lugar,180m,167,86,81,86,31.7974581,78.49715876625729,POO
523,Cabrales,Poo,Lugar,180m,167,86,81,86,31.7974581,78.49715876625729,POO
524,Gijón,Porceyo,Lugar,110m,206,102,104,117,43.5013037,-5.7045118,PORCEYO
525,Piloña,Espinaredo,Lugar,440m,20,12,8,18,43.1573348,-6.4019776,PORCILES
526,Cangas del Narcea,Porley,Lugar,660m,44,23,21,15,43.1844822,-6.4609024,PORLEY
527,Llanes,Porrúa,Lugar,42m,410,202,208,234,43.4611589,-3.8275514,PORRUA
528,Carreño,Logrezana,Casería,110m,23,10,13,10,40.631969,9.716437,POSADA
529,Cangas del Narcea,Posada de Rengos,Lugar,730m,34,21,13,14,43.0539195,-6.6121946,POSADA DE RENGOS
530,Tineo,Pozón,Aldea,540m,38,20,18,12,47.0940736,1.8126747,POZON
531,Cabrales,Prado,Aldea,440m,70,42,28,34,40.41379945,-3.692005340690069,PRADO
532,Candamo,Prahúa,Aldea,390m,62,30,32,37,43.4194412,-6.0885442,PRAHUA
533,Pravia,Arango,Casería,80m,26,14,12,16,43.4896744,-6.1138664,PRAVIA
534,Carreño,Prendes,Casería,80m,10,6,4,3,48.77828955,9.235202465541754,PRENDES
535,"Franco, El",Prendonés,Casería,90m,8,5,3,3,43.5399179,-6.865571,PRENDONES
536,Castropol,Presno,Aldea,200m,37,19,18,10,43.4633962,-6.9968251,PRESNO
537,Llanes,Pría,Lugar,40m,33,14,19,38,47.0487825,22.8902966,PRIA
538,Nava,Priandi,Casería,430m,11,6,5,10,43.345232,-5.5369125,PRIANDI
539,Salas,Priero,Aldea,260m,18,9,9,10,44.376035,8.093343,PRIERO
540,Ponga,Cazo,Aldea,330m,21,13,8,18,43.4877609,-5.3631143,PRIESCA
541,Oviedo,Priorio,Casería,130m,53,24,29,18,43.3359372,-5.924234,PRIORIO
542,Proaza,Proacina,Aldea,530m,19,11,8,23,43.239519,-6.044432,PROACINA
543,Proaza,Bandujo,Aldea,660m,41,22,19,44,43.250806,-6.0168338,PROAZA
544,Pravia,Pronga,Lugar,50m,54,26,28,36,43.4662978,-6.102333,PRONGA
545,Llanera,Pruvia,Lugar,0m,30,18,12,10,43.2145419,-5.7403067,PRUVIA
546,Cabrales,Puertas,Lugar,502m,47,28,19,37,41.0972025,-6.2869626,PUERTAS
547,Caso,Tarna,Lugar,1490m,7,3,4,16,8.1926164,-81.78162140699564,PUERTO
548,Navia,Puerto de Vega,Pueblo,28m,1362,648,714,658,43.564007,-6.6475329,PUERTO DE VEGA
549,Llanes,Purón,Lugar,40m,44,16,28,50,-7.7569732,110.8057607,PURON
550,Piloña,Ques,Lugar,257m,40,22,18,40,36.734772,43.097405,QUES
551,Castrillón,Quiloño,Lugar,0m,0,0,0,1,-12.538056,15.308611,QUILOÑO
552,Belmonte de Miranda,Quintana,Aldea,550m,34,20,14,20,-22.0705513,-50.308652,QUINTANA
553,Villaviciosa,Quintes,Barrio,160m,322,153,169,253,43.5323458,-5.5434555,QUINTES
554,Villaviciosa,Quintueles,Aldea,140m,606,322,284,455,43.5373176,-5.5722075,QUINTUELES
555,Pravia,Quinzanas,Casería,70m,80,38,42,80,43.4570997,-6.1204388,QUINZANAS
556,Castrillón,Bayas,Lugar,19m,2461,1248,1213,1024,43.5743258,-5.9421331,RAICES NUEVO
557,Llanes,Rales,Lugar,130m,74,36,38,66,46.954124,11.5354803,RALES
558,Llanes,Rales,Lugar,130m,74,36,38,66,46.954124,11.5354803,RALES
559,Soto del Barco,Ranón,Lugar,125m,199,106,93,158,9.9600729,98.6238919,RANON
560,Grado,Rañeces,Aldea,300m,14,7,7,5,43.3473466,-6.0688108,RAÑECES
561,Tineo,Relamiego,Casería,620m,28,13,15,10,43.3086876,-6.4705848,RELAMIEGO
562,Tineo,Rellanos,Aldea,600m,28,13,15,9,43.3939064,-6.625539,RELLANOS
563,Grado,Restiello,Lugar,600m,27,14,13,30,43.2891885,-6.1807396,RESTIELLO
564,San Martín del Rey Aurelio,Blimea,Casería,550m,0,0,0,3,43.2754285,-5.6046621,REY AURELIO
565,Ribadesella,Berbes,Lugar,80m,95,50,45,130,43.4617129,-5.0587479,RIBADESELLA
566,Soto del Barco,Riberas,Aldea,100m,9,6,3,10,43.5058336,-6.0684561,RIBERAS
567,Candamo,Fenolleda,Aldea,0m,4,2,2,3,43.1129545,-5.9766521,RICABO
568,Teverga,Riello,Aldea,520m,11,5,6,14,42.7734736,-5.9449781,RIELLO
569,Riosa,Riosa,Casería,400m,5,2,3,6,43.20855145,-5.890183970723369,RIOSA
570,Carreño,Perlora,Casería,120m,12,4,8,2,43.5663671,-5.7628631,RODILES
571,Boal,"Ronda, La",Aldea,540m,5,2,3,8,36.7421339,-5.1665916,RONDA
572,Cudillero,San Martín de Luiña,Lugar,330m,40,24,16,32,43.531816,-6.2577617,RONDIELLA
573,Boal,Rozadas,Aldea,650m,24,12,12,10,43.3978055,-6.0953092,ROZADAS
574,Bimenes,San Emeterio,Lugar,380m,151,70,81,113,43.4304668,-6.8113497,ROZAES
575,Peñamellera Alta,Rozagás,Lugar,321m,38,17,21,16,43.0514659,-5.5560072,ROZAGAS
576,Grado,Rubiano,Casería,540m,6,3,3,9,48.7071745,-3.348408,RUBIANO
577,Gijón,Ruedes,Lugar,80m,52,23,29,61,43.4634584,-5.707484,RUEDES
578,Peñamellera Alta,Ruenes,Lugar,300m,142,66,76,133,44.3839585,3.6759159,RUENES
579,Lena,Campomanes,Casería,390m,0,0,0,2,44.550875,-0.8699921,SALAS
580,Castropol,Barres,Aldea,24m,21,12,9,6,45.7587799,11.5649783,SALCEDO
581,Colunga,Sales,Lugar,40m,135,72,63,88,45.8742767,5.9598575,SALES
582,Castrillón,Salinas,Villa,8m,4561,2170,2391,2623,36.6744117,-121.6550372,SALINAS
583,Corvera de Asturias,Solís,Aldea,100m,9,4,5,6,-18.7156342,-39.8482555,SAMA
584,Grado,Sama de Grado,Casería,300m,3,1,2,3,43.3135579,-6.0212002,SAMA DE GRADO
585,Villaviciosa,Samartín de Vallés,Lugar,340m,35,16,19,27,43.4353494,-5.3528109,SAMARTIN DE VALLES
586,Villaviciosa,Samartín del Mar,Aldea,163m,41,22,19,23,43.5178361,-5.406872,SAMARTIN DEL MAR
587,Ibias,"Ibias, San Antolín de",Aldea,470m,16,8,8,7,43.0386265,-6.8723938,SAN ANTOLIN DE IBIAS
588,Salas,San Antolín de las Dorigas,Casería,280m,19,10,9,6,43.4072378,-6.1423445,SAN ANTOLIN DE LAS DORIGAS
589,Piloña,San Antonio,Villa,150m,2139,1006,1133,1056,43.3479981,-5.363764,SAN ANTONIO (INFIESTO)
590,Belmonte de Miranda,San Bartolomé,Aldea,85m,29,13,16,19,17.9036287,-62.811568843006896,SAN BARTOLOME
591,Oviedo,San Claudio,Casería,0m,114,51,63,53,43.6548079,-7.872805,SAN CLAUDIO
592,Ibias,San Clemente,Aldea,620m,0,0,0,11,39.4037093,-2.4274052,SAN CLEMENTE
593,Belmonte de Miranda,San Martín de Lodón,Aldea,120m,65,29,36,33,18.5200904,-70.2076771,SAN CRISTOBAL
594,Belmonte de Miranda,San Martín de Lodón,Aldea,120m,65,29,36,33,18.5200904,-70.2076771,SAN CRISTOBAL
595,Bimenes,San Emeterio,Casería,520m,4,2,2,7,31.6381099,-112.8059433,SAN EMETERIO
596,Allande,San Emiliano,Aldea,440m,0,0,0,3,42.9713747,-6.0005172,SAN EMILIANO
597,Belmonte de Miranda,Agüera,Aldea,740m,8,6,2,16,-32.7990544,-70.5795811,SAN ESTEBAN
598,Belmonte de Miranda,Agüera,Aldea,740m,8,6,2,16,-32.7990544,-70.5795811,SAN ESTEBAN
599,Tineo,San Facundo,Aldea,480m,30,18,12,9,43.2779114,-6.5289762,SAN FACUNDO
600,Tineo,San Félix,Aldea,598m,28,15,13,16,8.2926655,-81.8709032,SAN FELIX
601,Tineo,San Fructuoso,Aldea,470m,20,9,11,8,42.0702889,-2.2694483,SAN FRUCTUOSO
602,Ponga,San Ignacio,Lugar,340m,39,24,15,20,23.92493515,-106.27530726923777,SAN IGNACIO
603,Ponga,"Beleño, San Juan de",Aldea,480m,13,8,5,23,43.1911097,-5.165367,SAN JUAN DE BELEÑO
604,Piloña,San Juan de Berbio,Aldea,240m,31,12,19,12,43.3405038,-5.370803242522596,SAN JUAN DE BERBIO
605,Colunga,San Juan de Duz,Lugar,49m,102,49,53,76,43.48872315,-5.261612472047426,SAN JUAN DE DUZ
606,Castrillón,Bayas,Lugar,10m,132,65,67,81,43.58787075,-5.9313428,SAN JUAN DE NIEVA
607,Parres,San Juan de Parres,Aldea,360m,61,28,33,32,43.3544729,-5.1470632,SAN JUAN DE PARRES
608,Cudillero,San Juan de Piñera,Aldea,160m,12,6,6,14,37.77087175,-3.7873710533199185,SAN JUAN DE PIÑERA
609,Bimenes,San Julián,Casería,490m,13,6,7,11,20.993872,-102.15835703145814,SAN JULIAN
610,Cangas del Narcea,"Arbas, San Julián",Aldea,820m,3,1,2,3,43.0447724,-6.4755835,SAN JULIAN DE ARBAS
611,Salas,San Justo de las Dorigas,Aldea,180m,2,0,2,2,42.1343272,-6.6253752,SAN JUSTO
612,Salas,San Justo de las Dorigas,Aldea,180m,2,0,2,2,43.4330394,-6.135006,SAN JUSTO DE LAS DORIGAS
613,Belmonte de Miranda,San Martín de Lodón,Casería,0m,2,1,1,1,44.8186266,8.1091847,SAN MARTIN
614,Belmonte de Miranda,San Martín de Lodón,Casería,0m,2,1,1,1,43.3489715,-6.1975119,SAN MARTIN DE LODON
615,Cudillero,San Martín de Luiña,Aldea,20m,26,12,14,25,43.5439709,-6.2234839,SAN MARTIN DE LUIÑA
616,Belmonte de Miranda,San Martín de Ondes,Casería,0m,0,0,0,2,43.2443424,-6.2209662,SAN MARTIN DE ONDES
617,Tineo,San Martín de Semproniana,Casería,0m,20,9,11,8,41.5468127,2.4490941,SAN MARTIN DE SEMPRONIANA
618,San Martín del Rey Aurelio,Blimea,Casería,540m,6,3,3,4,43.2371596,-6.4540419,SAN MARTIN DE SIERRA
619,Allande,"Valledor, San Martín del",Casería,400m,3,1,2,4,43.178173,-6.7740548,SAN MARTIN DEL VALLEDOR
620,Lena,San Miguel del Río,Lugar,780m,30,19,11,35,17.329677,-96.57642465136524,SAN MIGUEL DEL RIO
621,Cangas del Narcea,"Arbas, San Pedro",Aldea,700m,8,3,5,2,43.0626199,-6.5119958,SAN PEDRO DE ARBAS
622,Cangas del Narcea,San Pedro de Coliema,Aldea,650m,25,13,12,6,19.456944,-103.35,SAN PEDRO DE COLIEMA
623,Candamo,San Román,Aldea,365m,17,10,7,11,-15.776514,-70.5027466,SAN ROMAN
624,Candamo,San Román,Aldea,365m,17,10,7,11,-15.776514,-70.5027466,SAN ROMAN
625,Candamo,San Román,Aldea,365m,17,10,7,11,-15.776514,-70.5027466,SAN ROMAN
626,Piloña,San Román de Villa,Aldea,200m,20,13,7,14,-15.776514,-70.5027466,SAN ROMAN DE VILLA
627,Llanes,San Roque del Acebal,Lugar,52m,351,178,173,264,43.39900605,-4.735538715041372,SAN ROQUE DEL ACEBAL
628,Allande,"Valledor, San Salvador del",Casería,540m,0,0,0,4,43.1554791,-6.804819,SAN SALVADOR DEL VALLEDOR
629,Morcín,San Sebastián,Aldea,598m,6,6,0,3,43.3224219,-1.9838889,SAN SEBASTIAN
630,San Tirso de Abres,"San Tirso de Abres, San Salvador",Lugar,100m,54,27,27,25,43.3621275,-5.84380588474235,SAN TIRSO
631,San Tirso de Abres,"San Tirso de Abres, San Salvador",Lugar,100m,54,27,27,25,43.40327525,-7.1323839049285,SAN TIRSO DE ABRES
632,Piloña,San Juan de Berbio,Lugar,380m,38,20,18,24,13.527493549999999,-88.73969856525022,SAN VICENTE
633,Pravia,Sandamías,Casería,230m,17,9,8,12,43.1485013,-6.6127205,SANDAMIAS
634,Tineo,Sangoñedo,Aldea,760m,30,17,13,16,43.5175797,-7.7546568,SANGOÑEDO
635,San Martín del Rey Aurelio,Santa Bárbara,Casería,370m,1,0,1,3,34.4221319,-119.7026673,SANTA BARBARA
636,Allande,Santa Coloma,Casería,520m,0,0,0,6,42.3681935,-2.6563567,SANTA COLOMA
637,Corvera de Asturias,"Campos, Los",Lugar,40m,559,267,292,243,28.469648,-16.2540884,SANTA CRUZ
638,Llanera,Santa Cruz de Llanera,Lugar,260m,49,24,25,17,43.4618634,-5.9317972,SANTA CRUZ DE LLANERA
639,Villaviciosa,Santa Eugenia / Santoxenia,Aldea,262m,5,3,2,8,40.3829244,-3.6117674,SANTA EUGENIA
640,Cabranes,Santa Eulalia,Lugar,300m,32,17,15,33,40.5689033,-1.3144106,SANTA EULALIA
641,Cabranes,Santa Eulalia,Lugar,300m,32,17,15,33,40.5689033,-1.3144106,SANTA EULALIA
642,Santa Eulalia de Oscos,Santa Eulalia de Oscos,Aldea,710m,17,8,9,8,43.2587428,-7.020435,SANTA EULALIA DE OSCOS
643,Tineo,Santa Eulalia,Aldea,640m,166,98,68,72,43.3475709,-6.3920706,SANTA EULALIA DE TINEO
644,Grado,"Grado, Santa María de",Lugar,110m,25,12,13,20,43.3839371,-5.9825164,SANTA MARIA DE GRADO
645,Grado,"Villandás, Santa María de",Aldea,620m,2,1,1,2,43.3046806,-6.1706116,SANTA MARIA DE VILLANDAS
646,Castrillón,Santa María del Mar,Lugar,80m,4,2,2,1,-12.401924,-76.7737056,SANTA MARIA DEL MAR
647,Belmonte de Miranda,Begega,Aldea,680m,17,9,8,10,40.104304,15.540468,SANTA MARINA
648,Siero,"Cuclillos, Santa Marina de",Aldea,240m,62,28,34,25,43.364139300000005,-5.73093017950174,SANTA MARINA DE CUCLILLOS
649,Llanera,Lugo,Lugar,0m,133,60,73,52,14.150152349999999,-90.35088183533747,SANTA ROSA
650,Castropol,Piñera,Aldea,66m,11,7,4,12,9.8694792,-83.7980749,SANTIAGO
651,Castropol,Piñera,Aldea,66m,11,7,4,12,9.8694792,-83.7980749,SANTIAGO
652,Siero,"Arenas, Santiago",Lugar,0m,19,10,9,16,-53.1496955,-70.9018638,SANTIAGO DE ARENAS
653,Salas,Santiago de la Barca,Aldea,70m,14,8,6,5,41.8027687,-8.3279714,SANTIAGO DE LA BARCA
654,Cangas del Narcea,"Sierra, Santiago",Aldea,900m,39,21,18,9,43.2127073,-6.4432269,SANTIAGO DE SIERRA
655,Castrillón,Santiago del Monte,Lugar,110m,35,15,20,16,43.5408661,-6.0279767,SANTIAGO DEL MONTE
656,Cangas de Onís,Zardón,Aldea,300m,48,27,21,17,43.1775942,-6.124039,SANTIANES
657,Cangas de Onís,Zardón,Aldea,300m,48,27,21,17,43.1775942,-6.124039,SANTIANES
658,Cangas de Onís,Zardón,Aldea,300m,48,27,21,17,43.1775942,-6.124039,SANTIANES
659,Cangas de Onís,Zardón,Aldea,300m,48,27,21,17,43.1775942,-6.124039,SANTIANES
660,Cangas de Onís,Zardón,Aldea,300m,48,27,21,17,43.1775942,-6.124039,SANTIANES
661,Cangas de Onís,Zardón,Aldea,300m,48,27,21,17,43.1775942,-6.124039,SANTIANES
662,Santo Adriano,Castañedo del Monte,Casería,410m,2,1,1,1,43.2885065,-5.979320574096952,SANTO ADRIANO DEL MONTE
663,"Regueras, Las",Santullano,Aldea,120m,45,24,21,21,43.2224476,-5.7823489,SANTULLANO
664,"Regueras, Las",Santullano,Aldea,120m,45,24,21,21,43.2224476,-5.7823489,SANTULLANO
665,"Regueras, Las",Santullano,Aldea,120m,45,24,21,21,43.2224476,-5.7823489,SANTULLANO
666,Gijón,Santurio,Aldea,98m,72,31,41,29,43.5020113,-5.6224321,SANTURIO
667,Mieres,Seana,Casería,0m,0,0,0,,41.6744396,1.0177346,SEANA
668,Castropol,Seares,Casería,63m,1,0,1,1,43.1031063,-8.5785615,SEARES
669,Amieva,Sebarga,Casería,250m,0,0,0,1,43.2733156,-5.1658329,SEBARGA
670,Pravia,Selgas,Aldea,255m,21,10,11,42,57.5037002,25.560174,SELGAS
671,Piloña,Sellón,Casería,550m,0,0,0,0,43.4350933,-5.2271932,SELLON
672,Ibias,Sena,Aldea,600m,23,12,11,6,48.7308806,2.444754,SENA
673,Boal,Serandinas,Casería,75m,1,0,1,3,43.4490131,-6.7459447,SERANDINAS
674,Gijón,Deva,Aldea,120m,78,41,37,49,43.20566855,-8.988826979373377,SERANTES
675,Gijón,Serín,Casería,157m,2,1,1,1,36.0847281,52.8403192,SERIN
676,Ibias,Seroiro,Aldea,550m,21,11,10,11,43.0597352,-6.8217707,SEROIRO
677,Aller,Serrapio,Lugar,640m,36,19,17,20,43.1670913,-5.632049,SERRAPIO
678,Piloña,Sevares,Lugar,100m,109,48,61,78,43.197277299999996,-5.396735264424979,SEVARES
679,Peñamellera Baja,Siejo,Lugar,30m,94,41,53,91,43.3270761,-4.5858942,SIEJO
680,Ibias,Sisterna,Lugar,840m,17,10,7,44,44.8250069,8.0046185,SISTERNA
681,Tineo,Sobrado,Casería,630m,4,3,1,0,43.0531271,-7.9902626,SOBRADO
682,Caso,Sobrecastiello,Aldea,650m,37,22,15,22,43.1507992,-5.3022031,SOBRECASTIELLO
683,Ponga,Sobrefoz,Casería,1200m,3,2,1,1,43.1707197,-5.1765982,SOBREFOZ
684,Oviedo,Sograndio,Casería,150m,11,7,4,1,43.2550178,-6.0443007,SOGRANDIO
685,Oviedo,Sograndio,Casería,150m,11,7,4,1,43.2550178,-6.0443007,SOGRANDIO
686,Corvera de Asturias,Solís,Casería,0m,17,9,8,6,14.0357133,121.1004013,SOLIS
687,Pravia,Somado,Lugar,205m,336,167,169,238,34.2988931,125.9788561,SOMADO
688,Pravia,Folgueras,Aldea,230m,12,7,5,11,28.328183,-16.8412193,SORRIBA
689,Grado,Sorribas,Lugar,510m,28,12,16,24,43.3267095,-6.1427595,SORRIBAS
690,Grado,Sorribas,Lugar,510m,28,12,16,24,43.3267095,-6.1427595,SORRIBAS
691,Grado,Sorribas,Lugar,510m,28,12,16,24,43.3267095,-6.1427595,SORRIBAS
692,Gijón,Cenero,Lugar,28m,248,120,128,7,40.8808075,-2.634236,SOTIELLO
693,Cangas de Onís,Abamia,Lugar,90m,168,78,90,85,-31.9751391,-57.5549958,SOTO
694,Cangas de Onís,Abamia,Lugar,90m,168,78,90,85,-31.9751391,-57.5549958,SOTO
695,Cangas de Onís,Abamia,Lugar,90m,168,78,90,85,-31.9751391,-57.5549958,SOTO
696,Salas,Soto de los Infantes,Aldea,450m,4,1,3,10,43.3598955,-6.2708793,SOTO DE LOS INFANTES
697,Cudillero,Soto de Luiña,Casería,108m,14,7,7,6,43.5620451,-6.2312339,SOTO DE LUIÑA
698,Soto del Barco,Corrada,Casería,240m,19,11,8,15,43.5310798,-6.0730199,SOTO DEL BARCO
699,Cabrales,Sotres,Lugar,1050m,132,63,69,70,43.2330826,-4.7492199,SOTRES
700,Bimenes,Suares,Aldea,450m,19,7,12,21,43.3383847,-5.5857615,SUARES
701,Candamo,Ventosa,Aldea,430m,21,9,12,10,28.036423,-105.7578514,TABLADO
702,Candamo,Ventosa,Aldea,430m,21,9,12,10,28.036423,-105.7578514,TABLADO
703,Gijón,Tacones,Aldea,80m,18,9,9,6,41.676969,-3.8770592,TACONES
704,Cangas del Narcea,Tainás,Aldea,600m,26,13,13,8,53.72215,22.86999,TAINAS
705,Teverga,Taja,Lugar,970m,66,36,30,26,14.0332,9.3347,TAJA
706,Ibias,Taladrid,Aldea,900m,10,4,6,8,42.9591669,-6.7291663,TALADRID
707,Carreño,Tamón,Lugar,50m,27,10,17,12,2.6531991,95.9072611,TAMON
708,Caso,Tanes,Aldea,540m,46,25,21,52,43.2058488,-5.4001528,TANES
709,Tapia de Casariego,Campos Y Salave,Casería,31m,10,5,5,7,43.5692581,-6.9436488,TAPIA DE CASARIEGO
710,Taramundi,Bres,Lugar,340m,47,26,21,25,43.3605685,-7.1088221,TARAMUNDI
711,Ponga,Taranes,Aldea,540m,22,11,11,32,41.538755,20.4783801,TARANES
712,Caso,Tarna,Lugar,1490m,7,3,4,16,48.8166508,21.9335076,TARNA
713,Villaviciosa,Tazones,Casería,126m,5,2,3,2,43.54539,-5.4002008,TAZONES
714,Cangas del Narcea,Tebongo,Aldea,260m,14,9,5,8,43.2387544,-6.5024048,TEBONGO
715,Lena,Telledo,Casería,800m,0,0,0,0,43.0230595,-5.8444322,TELLEDO
716,Ribera de Arriba,Tellego,Lugar,130m,24,14,10,20,43.2988402,-5.8676494,TELLEGO
717,Cabrales,Tielve,Lugar,691m,76,35,41,29,43.263252,-4.775579,TIELVE
718,Tineo,Arganza,Aldea,310m,19,10,9,23,43.309275299999996,-6.491952249131376,TINEO
719,Siero,Tiñana,Aldea,200m,192,99,93,102,-25.5448585,152.65943481291987,TIÑANA
720,Laviana,Tiraña,Casería,450m,8,3,5,4,41.3279485,19.8185512,TIRAÑA
721,Peñamellera Baja,Tobes,Lugar,240m,61,34,27,63,43.3174743,-4.6281884,TOBES
722,Castropol,Tol,Casería,80m,12,5,7,4,3.7500086,-75.2500086,TOL
723,Grado,Tolinas,Lugar,670m,13,8,5,29,43.2279448,-6.1811291,TOLINAS
724,Laviana,Tolivia,Aldea,680m,59,29,30,21,43.1991398,-5.591214,TOLIVIA
725,Cabranes,Torazo,Lugar,360m,21,9,12,36,43.394828,-5.4005827,TORAZO
726,Coaña,Folgueras,Aldea,150m,49,22,27,18,48.0620743,-1.2673254,TORCE
727,Ibias,Tormaleo,Lugar,700m,87,40,47,60,42.9392973,-6.7418712,TORMALEO
728,Villaviciosa,Tornón,Barrio,0m,17,7,10,13,45.0675156,4.832852,TORNON
729,Caso,Tozo,Aldea,660m,62,34,28,50,12.3966492,3.9293455,TOZO
730,Caso,Tozo,Aldea,660m,62,34,28,50,12.3966492,3.9293455,TOZO
731,Grandas de Salime,Trabada,Aldea,740m,18,9,9,11,43.4471608,-7.1942852,TRABADA
732,Corvera de Asturias,Trasona,Casería,55m,10,6,4,5,43.020708299999995,-8.442154765658758,TRASMONTE
733,Corvera de Asturias,Trasona,Aldea,20m,186,92,94,81,43.551007,-5.8777827,TRASONA
734,Siero,Traspando,Lugar,350m,2,1,1,0,43.0463531,-6.0889823,TRASPANDO
735,Proaza,Traspeña,Aldea,670m,23,10,13,22,42.8673264,-7.3165018,TRASPEÑA
736,Coaña,Trelles,Lugar,100m,42,20,22,21,37.85970385,27.835417558424197,TRELLES
737,Nava,Tresali,Aldea,260m,41,20,21,31,43.3609732,-5.4748136,TRESALI
738,Peñamellera Alta,Trescares,Lugar,112m,55,23,32,30,43.3179028,-4.7084368,TRESCARES
739,Llanes,Tresgrandas,Lugar,100m,62,32,30,37,43.3791472,-4.6100771,TRESGRANDAS
740,Valdés,Trevías,Aldea,26m,24,11,13,18,43.4993988,-6.439679,TREVIAS
741,Cangas de Onís,Triongo,Aldea,130m,19,9,10,14,43.3969806,-5.1440973,TRIONGO
742,Cudillero,Soto de Luiña,Casería,260m,4,0,4,3,42.3061555,0.2985538,TRONCEDO
743,Cangas del Narcea,Trones,Aldea,700m,31,10,21,6,58.8564409,5.7334282,TRONES
744,Gijón,Cenero,Lugar,110m,63,35,28,7,43.3465388,-5.9691453,TRUBIA
745,Langreo,Tuilla / Tiuya,Aldea,380m,1,1,0,1,43.3286445,-5.6440002,TUILLA
746,Lena,Tuiza,Aldea,1050m,22,12,10,13,42.03115335,-6.92535584559325,TUIZA
747,Tineo,Tuña,Casería,460m,13,7,6,4,45.1758803,20.2060379,TUÑA
748,Mieres,Turón,Lugar,590m,0,0,0,6,36.8637375,-3.0575117,TURON
749,Ribadesella,Ucio,Lugar,88m,109,56,53,77,43.452971950000006,-5.08653824903917,UCIO
750,Oviedo,Udrión,Lugar,120m,139,68,71,79,43.3592355,-5.9660891,UDRION
751,Mieres,Ujo,Lugar,238m,11,7,4,10,43.2050857,-5.7913229,UJO
752,Mieres,Urbiés,Lugar,620m,0,0,0,8,47.8838689,6.9567035,URBIES
753,Somiedo,"Coto, El",Lugar,1060m,48,28,20,22,42.8463126,-3.4534174,URRIA
754,Villaviciosa,Valdebárcena,Casería,410m,8,4,4,6,43.432209,-5.4713216,VALDEBARCENA
755,Mieres,Valdecuna,Casería,210m,1,0,1,1,43.22087895,-5.806391348253094,VALDECUNA
756,"Franco, El",Valdepares,Lugar,60m,188,97,91,122,43.5583702,-6.8608024,VALDEPARES
757,Siero,Valdesoto,Aldea,360m,57,26,31,32,43.3627518,-5.6523304,VALDESOTO
758,"Regueras, Las",Valduno,Casería,210m,18,6,12,12,43.391382,-6.0030778,VALDUNO
759,Bimenes,San Julián,Casería,0m,12,6,6,5,36.9248213,-3.5856242877423936,VALLE
760,Somiedo,Valle de Lago,Lugar,1240m,121,67,54,71,25.6083496,-100.1594701,VALLE DE LAGO
761,Piloña,Vallobal,Aldea,142m,28,12,16,34,43.3822671,-5.3138004,VALLOBAL
762,"Regueras, Las",Valsera,Casería,120m,11,8,3,4,43.4019849,-5.95969369600216,VALSERA
763,Santo Adriano,Tuñón,Casería,180m,0,0,0,1,19.0520669,-70.6316324,VEGA
764,Santo Adriano,Tuñón,Casería,180m,0,0,0,1,19.0520669,-70.6316324,VEGA
765,Cangas del Narcea,Vega de Rengos,Casería,670m,11,5,6,4,43.0466093,-6.6159432,VEGA DE RENGOS
766,Vegadeo,Abres,Aldea,70m,187,90,97,109,43.4643275,-7.0498586,VEGADEO
767,San Tirso de Abres,"San Tirso de Abres, San Salvador",Barrio,50m,35,15,20,31,41.7550983,-6.5871835,VEIGAS
768,San Tirso de Abres,"San Tirso de Abres, San Salvador",Barrio,50m,35,15,20,31,41.7550983,-6.5871835,VEIGAS
769,Candamo,Ventosa,Casería,390m,2,1,1,2,42.4042098,-2.6263385,VENTOSA
770,Gozón,Verdicio,Aldea,50m,163,87,76,119,43.6271455,-5.8693895,VERDICIO
771,Gijón,Veriña,Aldea,49m,74,35,39,35,45.9860109,0.8116688,VERIÑA
772,Llanes,Vibaño,Lugar,200m,79,38,41,37,43.3987327,-4.8945609,VIBAÑO
773,Llanes,Vidiago,Lugar,60m,104,46,58,49,43.3961459,-4.6653459,VIDIAGO
774,Ponga,Viego,Aldea,750m,12,9,3,26,42.2376602,-8.7247205,VIEGO
775,Cabranes,Fresnedo,Aldea,390m,0,0,0,0,42.8766878,0.0137833,VIELLA
776,Illas,Illas,Lugar,260m,68,33,35,33,-9.1456683,-76.842023,VIESCAS
777,Belmonte de Miranda,Vigaña,Aldea,650m,38,16,22,27,43.3040872,-6.184602,VIGAÑA
778,Belmonte de Miranda,Vigaña,Aldea,650m,38,16,22,27,43.3040872,-6.184602,VIGAÑA
779,San Tirso de Abres,"San Tirso de Abres, San Salvador",Villa,50m,151,75,76,85,42.8766878,0.0137833,VILLA
780,San Tirso de Abres,"San Tirso de Abres, San Salvador",Villa,50m,151,75,76,85,42.8766878,0.0137833,VILLA
781,Yernes Y Tameza,Villabre,Lugar,625m,61,31,30,58,43.2513319,-6.1280243,VILLABRE (TAMEZA)
782,Cangas del Narcea,Villacibrán,Lugar,920m,13,7,6,4,43.0642128,-6.523669,VILLACIBRAN
783,Coaña,Villacondide,Lugar,26m,63,31,32,22,43.5043122,-6.7427957,VILLACONDIDE
784,Pravia,Villafría,Aldea,360m,40,19,21,22,42.3653839,-3.6161445,VILLAFRIA
785,Cangas del Narcea,Villaláez,Lugar,670m,41,20,21,11,8.1077581,-80.9793364,VILLALAEZ
786,Lena,Villallana,Casería,390m,4,1,3,2,43.1840403,-5.8143721,VILLALLANA
787,"Franco, El",Villalmarzo,Casería,290m,11,4,7,4,43.5078427,-6.8490115,VILLALMARZO
788,Cudillero,San Juan de Piñera,Lugar,130m,360,179,181,197,39.618044,8.958837,VILLAMAR
789,Candamo,Murias,Aldea,50m,14,8,6,12,43.2624271,-6.1570933,VILLAMARIN
790,Ibias,Cecos,Lugar,620m,23,14,9,11,40.9983869,-5.6958422,VILLAMAYOR
791,Ibias,Cecos,Lugar,620m,23,14,9,11,40.9983869,-5.6958422,VILLAMAYOR
792,Santo Adriano,Villanueva,Lugar,227m,122,51,71,107,22.33530125,-102.84335264563701,VILLANUEVA
793,Santo Adriano,Villanueva,Lugar,227m,122,51,71,107,22.33530125,-102.84335264563701,VILLANUEVA
794,Santo Adriano,Villanueva,Lugar,227m,122,51,71,107,22.33530125,-102.84335264563701,VILLANUEVA
795,Santo Adriano,Villanueva,Lugar,227m,122,51,71,107,22.33530125,-102.84335264563701,VILLANUEVA
796,Santo Adriano,Villanueva,Lugar,227m,122,51,71,107,22.33530125,-102.84335264563701,VILLANUEVA
797,Piloña,San Juan de Berbio,Casería,190m,4,3,1,1,14.5677853,121.1296047,VILLANUEVA (SAN JUAN)
798,Villanueva de Oscos,"Gestoso, San José",Casería,780m,4,2,2,5,43.3113558,-6.986268,VILLANUEVA DE OSCOS
799,Grado,Villapañada,Casería,130m,1,1,0,2,43.3919429,-6.0997294,VILLAPAÑADA
800,Navia,Villapedre,Lugar,70m,128,66,62,52,43.5488905,-6.6509892,VILLAPEDRE
801,Oviedo,Villapérez,Lugar,270m,18,10,8,13,42.3624652,-3.9887968,VILLAPEREZ
802,Tineo,Pozón,Casería,530m,3,2,1,2,43.2039618,-6.5944511,VILLAR DE SAPOS
803,Somiedo,Villar de Vildas,Lugar,870m,109,67,42,37,43.0908079,-6.3363996,VILLAR DE VILDAS
804,Llanera,Villardeveyo,Lugar,280m,15,6,9,4,43.4709645,-5.8391706,VILLARDEVEYO
805,Grandas de Salime,Villarpedre,Aldea,360m,6,4,2,4,43.1873382,-6.853049,VILLARPEDRE
806,Cangas del Narcea,Villategil,Lugar,500m,41,20,21,14,43.1210353,-6.5356105,VILLATEGIL
807,Tineo,Villatresmil,Casería,450m,85,44,41,27,43.386882799999995,-6.441625682423034,VILLATRESMIL
808,Pravia,Villavaler,Aldea,340m,34,16,18,25,43.4849539,-6.194351,VILLAVALER
809,Allande,Villavaser,Casería,600m,13,5,8,4,43.2421461,-6.5741659,VILLAVASER
810,Belmonte de Miranda,Begega,Aldea,640m,30,18,12,25,40.3456104,-3.6959556,VILLAVERDE
811,Belmonte de Miranda,Begega,Aldea,640m,30,18,12,25,40.3456104,-3.6959556,VILLAVERDE
812,Villaviciosa,Amandi,Casería,30m,7,3,4,2,43.4813318,-5.4334618,VILLAVICIOSA
813,Villayón,Arbón,Lugar,122m,147,66,81,66,43.4484599,-6.7051377129662,VILLAYON
814,Salas,Villazón,Aldea,140m,40,18,22,25,-22.090727,-65.5956943,VILLAZON
815,Laviana,Villoria,Aldea,710m,41,23,18,35,40.9949984,-5.3743706,VILLORIA
816,Gozón,Viodo,Faro,101m,12,8,4,3,43.6409189,-5.8418519,VIODO
817,Gozón,Vioño,Casería,90m,10,2,8,7,43.3010844,-8.5586691,VIOÑO
818,Grandas de Salime,Vitos,Aldea,420m,3,2,1,2,43.6422268,20.6736985,VITOS
819,Yernes Y Tameza,Villabre,Lugar,625m,61,31,30,58,43.279618,-6.1111244,YERNES
820,Tineo,Zardaín,Aldea,405m,68,34,34,32,43.3926028,-6.5501963,ZARDAIN
821,Cangas de Onís,Zardón,Aldea,400m,0,0,0,0,43.3808779,-5.0478108,ZARDON
822,Lena,Zureda,Aldea,650m,23,10,13,20,43.0913698,-5.8494326,ZUREDA
